fpr,tpr
0.0,0.0
0.008638956805215973,0.48841698841698844
1.0,1.0
