fpr,tpr
0.0,0.0
0.0013373274847544667,0.5414847161572053
1.0,1.0
