fpr,tpr
0.0,0.0
0.00010586491636671607,0.4838709677419355
1.0,1.0
