mean_fit_time,std_fit_time,mean_score_time,std_score_time,param_knn__n_neighbors,param_knn__weights,params,split0_test_score,split1_test_score,split2_test_score,split3_test_score,split4_test_score,mean_test_score,std_test_score,rank_test_score
6.1777314186096195,0.9602895753956645,62.185287427902225,0.7077081485076621,3,uniform,"{'knn__n_neighbors': 3, 'knn__weights': 'uniform'}",0.7648816095211273,0.7648663060374924,0.7767336048301924,0.7680803437927471,0.7742371791871174,0.7697598086737353,0.00488353308283693,3
5.4669290542602536,0.9139984345846531,61.60681304931641,0.655839204924442,3,distance,"{'knn__n_neighbors': 3, 'knn__weights': 'distance'}",0.7854870592090948,0.7819037926481245,0.7941251896234589,0.790470625576832,0.7937729600075922,0.7891519254130206,0.004770596621457924,1
2.919940233230591,2.6103527735624064,59.969488525390624,2.2016538555625402,5,uniform,"{'knn__n_neighbors': 5, 'knn__weights': 'uniform'}",0.7522346575375021,0.7538798386069681,0.7646419642321512,0.7556118443584481,0.7603287831148331,0.7573394175699806,0.00454478305105194,5
1.6755446434020995,0.6231777947322774,60.16800799369812,0.28071803016529046,5,distance,"{'knn__n_neighbors': 5, 'knn__weights': 'distance'}",0.7722041439646219,0.7720438313129091,0.7849178497082208,0.774715181964518,0.7803887505125151,0.776853951492557,0.0050369347787647175,2
1.4782779216766357,0.5480890281002572,54.740935707092284,7.2229981730341795,7,uniform,"{'knn__n_neighbors': 7, 'knn__weights': 'uniform'}",0.746428322289577,0.7436807299599633,0.7549471630151501,0.7495018641387333,0.7488572303331408,0.7486830619473129,0.0037429109014029184,6
0.964885950088501,0.06749762642498797,38.420921659469606,0.21652295237520255,7,distance,"{'knn__n_neighbors': 7, 'knn__weights': 'distance'}",0.7647372515662714,0.7624959945447642,0.7741205088623726,0.7671098872619863,0.769529559470942,0.7675986403412672,0.0040181248639303835,4
