fpr,tpr
0.0,0.0
0.0621251629726206,0.7761652246720625
1.0,1.0
