fpr,tpr
0.0,0.0
0.17809212912586145,0.9227375140818626
1.0,1.0
