fpr,tpr
0.0,0.0
0.04261936301330415,0.6833333333333333
1.0,1.0
