fpr,tpr
0.0,0.0
0.0003704683778777454,0.5357142857142857
1.0,1.0
