fpr,tpr
0.0,0.0
0.00010581450716893285,0.45454545454545453
1.0,1.0
