fpr,tpr
0.0,0.0
0.0014318290290077954,0.4090909090909091
1.0,1.0
