k,accuracy,f1_weighted
3,0.7969138085927179,0.7852012765537437
5,0.7884056439253818,0.7729573311221668
7,0.778259261216509,0.7591496579752173
