fpr,tpr
0.0,0.0
0.007298410829899941,0.545783755819969
1.0,1.0
