fpr,tpr
0.0,0.0
0.0006349542303825599,0.20833333333333334
1.0,1.0
