fpr,tpr
0.0,0.0
0.003744516957312507,0.45414847161572053
1.0,1.0
