fpr,tpr
0.0,0.0
0.0008466952426311055,0.6923076923076923
1.0,1.0
